{
  "n_leaves": 729,
  "rbf_one_step_mse": 1.8394378820600145e-07,
  "rbf_one_step_q_mse": 1.836441550153835e-07,
  "rbf_one_step_tree_band_q_mse": 5.777408715765956e-13,
  "rbf_one_step_tree_q_mse": 4.2597904769972206e-12,
  "rbf_rollout_mse": 8.190285928265993e-07,
  "rbf_rollout_q_mse": 8.177416452795125e-07,
  "rbf_rollout_tree_band_q_mse": 4.457064265417203e-12,
  "rbf_rollout_tree_q_mse": 2.8624375751040346e-11,
  "test_samples": 100,
  "train_samples": 200,
  "tree_one_step_mse": 1.57449187924009e-07,
  "tree_one_step_q_mse": 1.5720014004500073e-07,
  "tree_one_step_tree_band_q_mse": 4.819172592577857e-13,
  "tree_one_step_tree_q_mse": 3.5994864388032675e-12,
  "tree_rollout_mse": 7.050897540628034e-07,
  "tree_rollout_q_mse": 7.039680231089763e-07,
  "tree_rollout_tree_band_q_mse": 3.734208578326304e-12,
  "tree_rollout_tree_q_mse": 2.2995708824692316e-11
}
