{
  "sources": [
    "temp_weights/w1.json",
    "temp_weights/w2.json",
    "temp_weights/w3.json",
    "temp_weights/w4.json",
    "temp_weights/w5_es_size.json"
  ],
  "lambda": 0.25,
  "summary": {
    "T": {
      "score_weights": {
        "mean": [
          0.1666666716337204,
          0.1666666716337204,
          0.1666666716337204,
          0.1666666716337204,
          0.1666666716337204,
          0.1666666716337204
        ],
        "std": [
          0.0,
          0.0,
          0.0,
          0.0,
          0.0,
          0.0
        ],
        "min": [
          0.1666666716337204,
          0.1666666716337204,
          0.1666666716337204,
          0.1666666716337204,
          0.1666666716337204,
          0.1666666716337204
        ],
        "max": [
          0.1666666716337204,
          0.1666666716337204,
          0.1666666716337204,
          0.1666666716337204,
          0.1666666716337204,
          0.1666666716337204
        ],
        "max_abs_delta_vs_default": 0.0,
        "num_tapes": 5
      },
      "instrument_weights": {
        "mean": [
          0.4000000059604645,
          0.4000000059604645,
          0.20000000298023224
        ],
        "std": [
          0.0,
          0.0,
          0.0
        ],
        "min": [
          0.4000000059604645,
          0.4000000059604645,
          0.20000000298023224
        ],
        "max": [
          0.4000000059604645,
          0.4000000059604645,
          0.20000000298023224
        ],
        "max_abs_delta_vs_default": 0.0,
        "num_tapes": 5
      },
      "opt_tenor_weights": {
        "mean": [
          0.15625,
          0.25,
          0.3125,
          0.1875,
          0.09375
        ],
        "std": [
          0.0,
          0.0,
          0.0,
          0.0,
          0.0
        ],
        "min": [
          0.15625,
          0.25,
          0.3125,
          0.1875,
          0.09375
        ],
        "max": [
          0.15625,
          0.25,
          0.3125,
          0.1875,
          0.09375
        ],
        "max_abs_delta_vs_default": 0.0,
        "num_tapes": 5
      },
      "opt_mny_weights": {
        "mean": [
          0.111111119389534,
          0.222222238779068,
          0.37037035822868347,
          0.222222238779068,
          0.07407407462596893
        ],
        "std": [
          7.450580596923828e-09,
          1.4901161193847656e-08,
          0.0,
          1.4901161193847656e-08,
          0.0
        ],
        "min": [
          0.1111111119389534,
          0.2222222238779068,
          0.37037035822868347,
          0.2222222238779068,
          0.07407407462596893
        ],
        "max": [
          0.1111111119389534,
          0.2222222238779068,
          0.37037035822868347,
          0.2222222238779068,
          0.07407407462596893
        ],
        "max_abs_delta_vs_default": 1.4901161193847656e-08,
        "num_tapes": 5
      },
      "size_weights": {
        "mean": [
          0.21453091502189636,
          0.2856085002422333,
          0.2618253231048584,
          0.23803524672985077
        ],
        "std": [
          0.07093817740678787,
          0.07121700793504715,
          0.023650670424103737,
          0.023929506540298462
        ],
        "min": [
          0.07265455275774002,
          0.25,
          0.25,
          0.19017623364925385
        ],
        "max": [
          0.25,
          0.42804253101348877,
          0.30912667512893677,
          0.25
        ],
        "max_abs_delta_vs_default": 0.035608500242233276,
        "num_tapes": 5
      }
    },
    "R": {
      "score_weights": {
        "mean": [
          0.1666666716337204,
          0.1666666716337204,
          0.1666666716337204,
          0.1666666716337204,
          0.1666666716337204,
          0.1666666716337204
        ],
        "std": [
          0.0,
          0.0,
          0.0,
          0.0,
          0.0,
          0.0
        ],
        "min": [
          0.1666666716337204,
          0.1666666716337204,
          0.1666666716337204,
          0.1666666716337204,
          0.1666666716337204,
          0.1666666716337204
        ],
        "max": [
          0.1666666716337204,
          0.1666666716337204,
          0.1666666716337204,
          0.1666666716337204,
          0.1666666716337204,
          0.1666666716337204
        ],
        "max_abs_delta_vs_default": 0.0,
        "num_tapes": 5
      },
      "instrument_weights": {
        "mean": [
          0.3076923191547394,
          0.3076923191547394,
          0.38461539149284363
        ],
        "std": [
          0.0,
          0.0,
          0.0
        ],
        "min": [
          0.3076923191547394,
          0.3076923191547394,
          0.38461539149284363
        ],
        "max": [
          0.3076923191547394,
          0.3076923191547394,
          0.38461539149284363
        ],
        "max_abs_delta_vs_default": 0.0,
        "num_tapes": 5
      },
      "opt_tenor_weights": {
        "mean": [
          0.09677419066429138,
          0.19354838132858276,
          0.32258063554763794,
          0.25806450843811035,
          0.12903225421905518
        ],
        "std": [
          0.0,
          0.0,
          0.0,
          0.0,
          0.0
        ],
        "min": [
          0.09677419066429138,
          0.19354838132858276,
          0.32258063554763794,
          0.25806450843811035,
          0.12903225421905518
        ],
        "max": [
          0.09677419066429138,
          0.19354838132858276,
          0.32258063554763794,
          0.25806450843811035,
          0.12903225421905518
        ],
        "max_abs_delta_vs_default": 0.0,
        "num_tapes": 5
      },
      "opt_mny_weights": {
        "mean": [
          0.07407407462596893,
          0.18518517911434174,
          0.37037035822868347,
          0.25925925374031067,
          0.111111119389534
        ],
        "std": [
          0.0,
          0.0,
          0.0,
          0.0,
          7.450580596923828e-09
        ],
        "min": [
          0.07407407462596893,
          0.18518517911434174,
          0.37037035822868347,
          0.25925925374031067,
          0.1111111119389534
        ],
        "max": [
          0.07407407462596893,
          0.18518517911434174,
          0.37037035822868347,
          0.25925925374031067,
          0.1111111119389534
        ],
        "max_abs_delta_vs_default": 7.450580596923828e-09,
        "num_tapes": 5
      },
      "size_weights": {
        "mean": [
          0.2619636058807373,
          0.2853206992149353,
          0.2381853312253952,
          0.21453037858009338
        ],
        "std": [
          0.023927224799990654,
          0.07064139097929001,
          0.023629337549209595,
          0.07093928009271622
        ],
        "min": [
          0.25,
          0.25,
          0.190926656126976,
          0.07265181094408035
        ],
        "max": [
          0.3098180592060089,
          0.4266034662723541,
          0.25,
          0.25
        ],
        "max_abs_delta_vs_default": 0.035469621419906616,
        "num_tapes": 5
      }
    },
    "H": {
      "score_weights": {
        "mean": [
          0.16666367650032043,
          0.16666340827941895,
          0.1666686087846756,
          0.16666345298290253,
          0.16667713224887848,
          0.16666369140148163
        ],
        "std": [
          0.0,
          0.0,
          0.0,
          0.0,
          0.0,
          0.0
        ],
        "min": [
          0.16666367650032043,
          0.16666340827941895,
          0.1666686087846756,
          0.16666345298290253,
          0.16667713224887848,
          0.16666369140148163
        ],
        "max": [
          0.16666367650032043,
          0.16666340827941895,
          0.1666686087846756,
          0.16666345298290253,
          0.16667713224887848,
          0.16666369140148163
        ],