{
  "sources": [
    "temp_weights_nq/w1.json",
    "temp_weights_nq/w2.json",
    "temp_weights_nq/w3.json",
    "temp_weights_nq/w4.json",
    "temp_weights_nq/w5_nq_size.json"
  ],
  "lambda": 0.25,
  "summary": {
    "T": {
      "score_weights": {
        "mean": [
          0.1666666716337204,
          0.1666666716337204,
          0.1666666716337204,
          0.1666666716337204,
          0.1666666716337204,
          0.1666666716337204
        ],
        "std": [
          0.0,
          0.0,
          0.0,
          0.0,
          0.0,
          0.0
        ],
        "min": [
          0.1666666716337204,
          0.1666666716337204,
          0.1666666716337204,
          0.1666666716337204,
          0.1666666716337204,
          0.1666666716337204
        ],
        "max": [
          0.1666666716337204,
          0.1666666716337204,
          0.1666666716337204,
          0.1666666716337204,
          0.1666666716337204,
          0.1666666716337204
        ],
        "max_abs_delta_vs_default": 0.0,
        "num_tapes": 5
      },
      "instrument_weights": {
        "mean": [
          0.4000000059604645,
          0.4000000059604645,
          0.20000000298023224
        ],
        "std": [
          0.0,
          0.0,
          0.0
        ],
        "min": [
          0.4000000059604645,
          0.4000000059604645,
          0.20000000298023224
        ],
        "max": [
          0.4000000059604645,
          0.4000000059604645,
          0.20000000298023224
        ],
        "max_abs_delta_vs_default": 0.0,
        "num_tapes": 5
      },
      "opt_tenor_weights": {
        "mean": [
          0.15625,
          0.25,
          0.3125,
          0.1875,
          0.09375
        ],
        "std": [
          0.0,
          0.0,
          0.0,
          0.0,
          0.0
        ],
        "min": [
          0.15625,
          0.25,
          0.3125,
          0.1875,
          0.09375
        ],
        "max": [
          0.15625,
          0.25,
          0.3125,
          0.1875,
          0.09375
        ],
        "max_abs_delta_vs_default": 0.0,
        "num_tapes": 5
      },
      "opt_mny_weights": {
        "mean": [
          0.111111119389534,
          0.222222238779068,
          0.37037035822868347,
          0.222222238779068,
          0.07407407462596893
        ],
        "std": [
          7.450580596923828e-09,
          1.4901161193847656e-08,
          0.0,
          1.4901161193847656e-08,
          0.0
        ],
        "min": [
          0.1111111119389534,
          0.2222222238779068,
          0.37037035822868347,
          0.2222222238779068,
          0.07407407462596893
        ],
        "max": [
          0.1111111119389534,
          0.2222222238779068,
          0.37037035822868347,
          0.2222222238779068,
          0.07407407462596893
        ],
        "max_abs_delta_vs_default": 1.4901161193847656e-08,
        "num_tapes": 5
      },
      "size_weights": {
        "mean": [
          0.28546446561813354,
          0.2381821572780609,
          0.26182278990745544,
          0.2145305573940277
        ],
        "std": [
          0.07092893123626709,
          0.02363566868007183,
          0.02364560402929783,
          0.07093885540962219
        ],
        "min": [
          0.25,
          0.19091083109378815,
          0.25,
          0.07265286147594452
        ],
        "max": [
          0.4273223280906677,
          0.25,
          0.309114009141922,
          0.25
        ],
        "max_abs_delta_vs_default": 0.03546944260597229,
        "num_tapes": 5
      }
    },
    "R": {
      "score_weights": {
        "mean": [
          0.1666666716337204,
          0.1666666716337204,
          0.1666666716337204,
          0.1666666716337204,
          0.1666666716337204,
          0.1666666716337204
        ],
        "std": [
          0.0,
          0.0,
          0.0,
          0.0,
          0.0,
          0.0
        ],
        "min": [
          0.1666666716337204,
          0.1666666716337204,
          0.1666666716337204,
          0.1666666716337204,
          0.1666666716337204,
          0.1666666716337204
        ],
        "max": [
          0.1666666716337204,
          0.1666666716337204,
          0.1666666716337204,
          0.1666666716337204,
          0.1666666716337204,
          0.1666666716337204
        ],
        "max_abs_delta_vs_default": 0.0,
        "num_tapes": 5
      },
      "instrument_weights": {
        "mean": [
          0.3076923191547394,
          0.3076923191547394,
          0.38461539149284363
        ],
        "std": [
          0.0,
          0.0,
          0.0
        ],
        "min": [
          0.3076923191547394,
          0.3076923191547394,
          0.38461539149284363
        ],
        "max": [
          0.3076923191547394,
          0.3076923191547394,
          0.38461539149284363
        ],
        "max_abs_delta_vs_default": 0.0,
        "num_tapes": 5
      },
      "opt_tenor_weights": {
        "mean": [
          0.09677419066429138,
          0.19354838132858276,
          0.32258063554763794,
          0.25806450843811035,
          0.12903225421905518
        ],
        "std": [
          0.0,
          0.0,
          0.0,
          0.0,
          0.0
        ],
        "min": [
          0.09677419066429138,
          0.19354838132858276,
          0.32258063554763794,
          0.25806450843811035,
          0.12903225421905518
        ],
        "max": [
          0.09677419066429138,
          0.19354838132858276,
          0.32258063554763794,
          0.25806450843811035,
          0.12903225421905518
        ],
        "max_abs_delta_vs_default": 0.0,
        "num_tapes": 5
      },
      "opt_mny_weights": {
        "mean": [
          0.07407407462596893,
          0.18518517911434174,
          0.37037035822868347,
          0.25925925374031067,
          0.111111119389534
        ],
        "std": [
          0.0,
          0.0,
          0.0,
          0.0,
          7.450580596923828e-09
        ],
        "min": [
          0.07407407462596893,
          0.18518517911434174,
          0.37037035822868347,
          0.25925925374031067,
          0.1111111119389534
        ],
        "max": [
          0.07407407462596893,
          0.18518517911434174,
          0.37037035822868347,
          0.25925925374031067,
          0.1111111119389534
        ],
        "max_abs_delta_vs_default": 7.450580596923828e-09,
        "num_tapes": 5
      },
      "size_weights": {
        "mean": [
          0.21453717350959778,
          0.23817381262779236,
          0.2618171274662018,
          0.2854718863964081
        ],
        "std": [
          0.07092567533254623,
          0.02365236170589924,
          0.02363426610827446,
          0.07094377279281616
        ],
        "min": [
          0.07268580794334412,
          0.19086909294128418,
          0.25,
          0.25
        ],
        "max": [
          0.25,
          0.25,
          0.3090856671333313,
          0.4273594319820404
        ],
        "max_abs_delta_vs_default": 0.03547188639640808,
        "num_tapes": 5
      }
    },
    "H": {
      "score_weights": {
        "mean": [
          0.16666367650032043,
          0.16666340827941895,
          0.1666686087846756,
          0.16666345298290253,
          0.16667713224887848,
          0.16666369140148163
        ],
        "std": [
          0.0,
          0.0,
          0.0,
          0.0,
          0.0,
          0.0
        ],
        "min": [
          0.16666367650032043,
          0.16666340827941895,
          0.1666686087846756,
          0.16666345298290253,
          0.16667713224887848,
          0.16666369140148163
        ],
        "max": [
          0.16666367650032043,
          0.16666340827941895,
          0.1666686087846756,
          0.16666345298290253,
          0.16667713224887848,
          0.16666369140148163
        ],