{
  "bridge_test_samples": 51,
  "bridge_train_samples": 200,
  "bridge_windows": 251,
  "n_leaves": 729,
  "rbf_bridge_mse": 2.149949412822768e-08,
  "rbf_bridge_q_mse": 2.1481300442533503e-08,
  "rbf_bridge_tree_band_q_mse": 2.1588950399101906e-11,
  "rbf_one_step_mse": 6.198054801667165e-08,
  "rbf_one_step_q_mse": 6.168004853947082e-08,
  "rbf_one_step_tree_band_q_mse": 4.6024516792644164e-11,
  "rbf_one_step_tree_q_mse": 2.8639508576761574e-10,
  "rbf_rollout_mse": 2.155684319973986e-05,
  "rbf_rollout_q_mse": 2.1369340621644173e-05,
  "rbf_rollout_tree_band_q_mse": 9.034794028524742e-11,
  "rbf_rollout_tree_q_mse": 8.422013117303703e-10,
  "test_samples": 100,
  "train_samples": 200,
  "tree_bridge_mse": 2.4785197679748304e-08,
  "tree_bridge_q_mse": 2.4772583052186506e-08,
  "tree_bridge_tree_band_q_mse": 2.7953774993589708e-11,
  "tree_one_step_mse": 6.82419541687612e-08,
  "tree_one_step_q_mse": 6.808618105064524e-08,
  "tree_one_step_tree_band_q_mse": 5.725445191967016e-11,
  "tree_one_step_tree_q_mse": 3.55811936090471e-10,
  "tree_rollout_mse": 4.246448141002339e-06,
  "tree_rollout_q_mse": 4.238124303875e-06,
  "tree_rollout_tree_band_q_mse": 2.2923454540607163e-11,
  "tree_rollout_tree_q_mse": 1.6501354174035594e-10
}
