{
  "n_leaves": 729,
  "rbf_one_step_mse": 1.4785371355613387e-07,
  "rbf_one_step_q_mse": 1.4764534148522355e-07,
  "rbf_one_step_tree_band_q_mse": 2.2430659237648935e-13,
  "rbf_one_step_tree_q_mse": 1.570870220614448e-12,
  "rbf_rollout_mse": 7.637763797890612e-07,
  "rbf_rollout_q_mse": 7.623128226608708e-07,
  "rbf_rollout_tree_band_q_mse": 1.8919462789751312e-12,
  "rbf_rollout_tree_q_mse": 1.3396193093632045e-11,
  "test_samples": 100,
  "train_samples": 200,
  "tree_one_step_mse": 1.2610219742962625e-07,
  "tree_one_step_q_mse": 1.2592797288411496e-07,
  "tree_one_step_tree_band_q_mse": 1.8481531313704485e-13,
  "tree_one_step_tree_q_mse": 1.2670287509634546e-12,
  "tree_rollout_mse": 6.596207583799247e-07,
  "tree_rollout_q_mse": 6.58346505954118e-07,
  "tree_rollout_tree_band_q_mse": 1.5931266787138994e-12,
  "tree_rollout_tree_q_mse": 1.0585863513028711e-11
}
