{
  "bridge_test_samples": 51,
  "bridge_train_samples": 200,
  "bridge_windows": 251,
  "n_leaves": 729,
  "rbf_bridge_mse": 3.9274811929882506e-08,
  "rbf_bridge_q_mse": 3.338434643710853e-08,
  "rbf_bridge_tree_band_q_mse": 2.8087034976795132e-11,
  "rbf_one_step_mse": 2.0252350834553466e-07,
  "rbf_one_step_q_mse": 1.564895943284788e-07,
  "rbf_one_step_tree_band_q_mse": 4.5434009353875355e-11,
  "rbf_one_step_tree_q_mse": 2.899502432230535e-10,
  "rbf_rollout_mse": 7.190358478190646e-05,
  "rbf_rollout_q_mse": 5.468412059872476e-05,
  "rbf_rollout_tree_band_q_mse": 3.45728058189372e-10,
  "rbf_rollout_tree_q_mse": 5.517145780437587e-10,
  "test_samples": 100,
  "train_samples": 200,
  "tree_bridge_mse": 4.162527778464302e-08,
  "tree_bridge_q_mse": 3.603920247707273e-08,
  "tree_bridge_tree_band_q_mse": 3.395918047865476e-11,
  "tree_one_step_mse": 2.0182290864659317e-07,
  "tree_one_step_q_mse": 1.57748380139289e-07,
  "tree_one_step_tree_band_q_mse": 5.663999372049765e-11,
  "tree_one_step_tree_q_mse": 3.6585613424446493e-10,
  "tree_rollout_mse": 7.193389899092142e-05,
  "tree_rollout_q_mse": 5.447530706381283e-05,
  "tree_rollout_tree_band_q_mse": 3.5544050718159725e-10,
  "tree_rollout_tree_q_mse": 5.42217070952814e-10
}
